Publication Type,Authors,Article Title,Species,Location,Region,Category ,Analysis,Analysis notes,Source Title,Abstract,Publication Year,DOI
J,"Frixione, MG; García, MDG; Gauger, MFW",Drone imaging of elasmobranchs: Whale sharks and golden cownose rays co-occurrence in a zooplankton hot-spot in southwestern Sea of Cortez,Whale shark; Golden cownose ray,"24.181492, -110.420347",Mexico,Behavioral Ecology,Observational/descriptive,,FOOD WEBS,"The golden cownose ray (Rhinoptera steindachneri) and the whale shark (Rhincodon typus) are two elasmobranch species commonly found in Bahia de La Paz, Baja California Sur, Mexico. There are no records of the species sharing the same sites, as their prey, ecology and migration sites normally deviate. Both are listed as endangered and vulnerable species, respectively, under Mexican and international regulations. We took images by a quad-copter near Mogote Beach and recorded whale sharks during late July, alongside a group of golden cownose rays, although earlier research suggests that the main whale shark feeding season starts in late August or September. These recordings showed for the first time, the co-occurrence of these two vulnerable elasmobranch species while feeding possibly simultaneously. This indicates that there might be a relation between the presence of the two species and the interannual variability in zooplankton abundance. The latter may have implications for possible resource overlapping, a current topic in elasmobranch research. Furthermore, these findings highlight the usefulness of drones when capturing biological data. This information is important in the understanding of the ecology and trophic interactions of threatened species and is a step forward towards their understanding and conservation. (C) 2020 Elsevier Inc. All rights reserved.",2020,10.1016/j.fooweb.2020.e00155
J,"Ayres, KA; Gallagher, AJ; Higuera-Rivas, JE","Orca (Orcinus orca) and shark predator-prey interactions within Cabo Pulmo National Park in the Gulf of California, Mexico",Blacktip shark; Bull shark,"23.451859, -109.424637",Mexico,Behavioral Ecology,Observational/descriptive,,FRONTIERS IN MARINE SCIENCE,"Orcas (Orcinus orca) have a worldwide distribution and as apex predators feed on a wide variety of prey, including marine mammals, seabirds, sea turtles, cephalopods, teleost fish and elasmobranchs. Historically, there have been few observations of orca predation on large elasmobranch species nor are they commonly identified in the stomach contents of deceased orcas. In recent years there has been an increase in observational records of orca predation, such as on white sharks (Carcharodon carcharias) in South Africa, which could indicate that elasmobranchs serve a greater importance in their diet than previously considered. These events are often documented by members of the public due to the development and affordability of innovative cameras, including the use of the drones (unoccupied aerial vehicles). Here we describe new predator-prey interactions between orcas and large shark species in Cabo Pulmo National Park (CPNP), a small no-take marine protected area located in the Gulf of California. In this paper, we were able to successfully identify individuals from the described orca pods in the region; specifically, the same individuals hunting sharks over a period of nearly two years. We discuss the potential implications of these new ecological interactions, given the importance of tourism to sustain the management of CPNP, as cascading impacts have been documented elsewhere in light of orca predations on sharks.",2024,10.3389/fmars.2024.1407379
J,"Ayres, KA; Ketchum, JT; González-Armas, R; Galván-Magaña, F; Hearn, A; Elorriaga-Verplancken, FR; Martínez-Rincón, RO; Hoyos-Padilla, EM; Kajiura, SM","Seasonal aggregations of blacktip sharks Carcharhinus limbatus at a marine protected area in the Gulf of California, assessed by unoccupied aerial vehicle surveys",Blacktip shark,"23.451788, -109.425",Mexico,Distribution/Abundance,Statistical modeling,,MARINE ECOLOGY PROGRESS SERIES,"No-take marine protected areas (MPAs) can provide spatial refuge for species throughout all or part of their life cycles. Cabo Pulmo National Park (CPNP) is a no-take MPA located on the south-east coast of the Baja California Peninsula, Mexico, where there has been an increase in the abundance and diversity of elasmobranch species since its closure to fishing. An unoccupied aerial vehicle was used to complete weekly aerial surveys over sandy habitat in CPNP to determine the relative abundance of blacktip sharks Carcharhinus limbatus over a 1 yr period in 2019. C. limbatus were only observed during winter months, and abundance per survey ranged between 7 and 1086 sharks (289 +/- 59, mean +/- SE), yielding a maximum density of 4827 ind. km(-2). A generalized additive model determined that sea surface temperature (SST), time of day, photoperiod and wind speed were significant influencers of C. limbatus abundance. According to this model, higher abundance is expected when SST is lower than 25 degrees C, during the afternoon, at low wind speeds (< 4 knots) and when photoperiod is between 12 and 13 h. The close proximity of C. limbatus to the shoreline is likely a result of a refuging behaviour, with sharks utilising the shallow sandy habitat to behaviourally thermoregulate and/or to avoid predators.",2021,10.3354/meps13897
J,"DiGiacomo, AE; Abraham, AM; Block, BA",Non-invasive extraction of white shark swimming kinematics from unoccupied aircraft system (UAS) imagery,White shark,"36.965575, -121.933527; 36.697540, -121.816967",California,Movement Ecology,Keypoint tracking; Computer vision,,WILDLIFE RESEARCH,"Context Consumer-grade unoccupied aircraft systems (UAS) are increasingly being used by both scientists and hobbyists in the coastal environment. Marine megafauna are observed via UAS as part of monitoring programs, recreational interests, and scientific research, amassing aerial imagery datasets. Because manual documentation of these datasets is infeasible at scale, efficient approaches leveraging computer vision and deep learning have emerged to detect and classify marine megafauna.Aims This study provides a workflow to quantitatively estimate swimming kinematics tailbeat frequency (TBF) and tailbeat amplitude (TBA) of white sharks (Carcharodon carcharias) from aerial UAS video data.Methods Body pose estimation was performed using computer vision model DeepLabCut to track six key white shark body parts across UAS videos. The relative positions of these body part coordinates were used to compute tail position over time and quantify TBF and TBA across a population of white sharks in Monterey Bay, California.Key results With a training set of just 52 images, the deep residual neural network reaches human-level labeling accuracy of body parts (root mean square error of <1.3 cm). This workflow is applied to 76 focal follows representing 34 individuals to produce TBF (0.43 +/- 0.07 Hz) and TBA (0.24 +/- 0.10 BL) values similar to those derived from biologging devices previously deployed on individuals in this population.Conclusions The results indicated that body pose estimation via DeepLabCut can allow for the rapid extraction of quantitative kinematics such as TBF and TBA in juvenile white shark populations that aggregate in coastal habitats.Implications This approach provides a non-invasive, scalable method to understanding megafauna kinematics in sensitive species that overcomes the logistical barriers of traditional biologging approaches.",2025,10.1071/WR24193
J,"Palacios, MD; Trejo-Ramírez, A; Velázquez-Hernández, S; Huesca-Mayorga, SAK; Stewart, JD; Cronin, MR; Lezama-Ochoa, N; Zilliacus, KM; González-Armas, R; Galván-Magaña, F; Croll, DA","Reproductive behavior, seasonality, and distribution of three devil ray species (Mobula mobular, M. thurstoni, and M. munkiana) in the Southern Gulf of California, Mexico",Devil ray,"24.203497, -109.993392",Mexico,Behavioral Ecology,Observational/descriptive,,MARINE BIOLOGY,"We examined the reproductive behavior (courtship and mating), seasonality and its distribution in three Mobula species, spinetail, bentfin, and Munk's devil rays (M. mobular, M. thurstoni, and M. munkiana) in the southwestern Gulf of California, Mexico, using boat surveys (with drone and in-water observations) (n = 69 survey days), spotter planes (n = 428 flights), and citizen science observations (n = 31). We examined whether (1) reproductive grounds existed within the area for any of these species, (2) whether reproductive behavior followed seasonal patterns, and (3) if this behavior was similar among all mobula rays. We observed reproductive behavior in 221 events in 2017 and 2021-2022, for M. mobular (n = 10), M. thurstoni (n = 3), and M. munkiana (n = 208) dispersed along 312 km of the eastern Baja California Peninsula between 4 m and 6.3 km away from the coast. Most events (n = 209) occurred in the La Ventana and Ensenada de Muertos areas. Courtship was observed for M. mobular and M. thurstoni and a copulation attempt for M. munkiana, with reproductive behavior following a seasonal pattern occurring from March to August, with a peak during May (81.9% of the events). Mobula munkiana displayed previously undescribed behaviors, such as the piggyback leaps as a pre-copulatory position and the courtship vortex, where 122 individuals were observed circling in a clockwise direction for 5 h with courtship groups joining and leaving the main vortex formation. This study highlights the areas of La Ventana and Ensenada de Muertos as critical habitats for reproductive behavior of two endangered and one vulnerable devil ray species.",2024,10.1007/s00227-023-04314-0
J,"Ayres, KA; Ketchum, JT; González-Armas, R; Galván-Magaña, F; Hearn, A; Elorriaga-Verplancken, FR; Hoyos-Padilla, EM; Kajiura, SM",The use of an unoccupied aerial vehicle to survey shark species over sand and rocky-reef habitats in a marine protected area,Bull Shark; Lemon shark; Pacific nurse shark,"23.451859, -109.424637",Mexico,Distribution/Abundance,Statistical modeling,,JOURNAL OF FISH BIOLOGY,"Cabo Pulmo National Park was established in 1995 and has since seen a large increase in fish biomass. An unoccupied aerial vehicle (UAV) was used to survey shallow coastal habitat in which lemon sharks (Negaprion brevirostris), bull sharks (Carcharhinus leucas) and Pacific nurse sharks (Ginglymostoma unami) were recorded. Sharks were more common in the afternoon, potentially using warmer shallow areas to behaviourally thermoregulate. This study highlights UAV surveying to be a viable tool for species identification, a limitation of previous terrestrial surveys conducted in the area.",2021,10.1111/jfb.14838
J,"Rex, PT; Abbott, KJ; Prezgay, RE; Lowe, CG",The Effects of Depth and Altitude on Image-Based Shark Size Measurements Using UAV Surveillance,White shark,"33.747934319183, −118.132995506648",California,Individual Traits,Photogrammetry,,DRONES,"Drones are an ecological tool used increasingly in shark research over the past decade. Due to their high-resolution camera and GPS systems, they have been used to estimate the sizes of animals using drone-based photogrammetry. Previous studies have used drone altitude to measure the target size accuracy of objects at the surface; however, target depth and its interaction with altitude have not been studied. We used DJI Mavic 3 video (3960 x 2160 pixel) and images (5280 x 3960 pixel) to measure an autonomous underwater vehicle of known size traveling at six progressively deeper depths to assess how sizing accuracy from a drone at 10 m to 80 m altitude is affected. Drone altitudes below 40 m and target depths below 2 m led to an underestimation of size of 76%. We provide evidence that accounting for the drone's altitude and the target depth can significantly increase accuracy to 5% underestimation or less. Methods described in this study can be used to measure free-swimming, submerged shark size with accuracy that rivals hand-measuring methods.",2024,10.3390/drones8100547
J,"Whitehead, DA; Ayres, KA; Gayford, JH; Ketchum, JT; Galván-Magana, F; Christiansen, F","Aerial photogrammetry of whale sharks (Rhincodon typus) in the Bay of La Paz, using an unoccupied aerial vehicle",Whale shark,"24.230878, -110.415170",Mexico,Individual Traits,Photogrammetry,,MARINE BIOLOGY,"Measurements obtained from aerial imagery can be used to calculate body shape, condition and growth rates of large surface-associated marine megafauna. In this study, an unoccupied aerial vehicle (UAV) was used to obtain aerial images of an elasmobranch species, the whale shark (Rhincodon typus). Pre-caudal length (PCL) and multiple body width measurements were taken from aerial images of 26 juvenile whale sharks, obtained between November 2020 and February 2021 in the La Paz Bay, Mexico. PCL ranged from 2.98 to 6.43 m, with a mean of 4.93 m (SD =1.00). Body width was found to be greatest in the region by the snout and anterior contacts of the pectoral fins. Body width decreased in a near-linear manner from similar to 18% PCL at the midpoint to similar to 10% PCL at the posterior end of the body. There was a significant linear relationship between whale shark dorsal surface area (SA) and PCL on the log-log scale (LM: F1,24 = 647.7, P < 0.001), showing that whale sharks increase exponentially in overall body size as they increase in body length. However, there was no effect of PCL on the relative body width at the different measurement sites, suggesting that body shape of whale sharks was similar across the size range measured in this study. Finally, the body condition of the sharks, measured as the residual of the relationship between SA and PCL, varied between - 21.6% and +14.0%. This study highlights the benefits of using UAV photogrammetry to measure large marine fauna, to obtain valuable morphometric data to study their physiology and bioenergetics.",2022,10.1007/s00227-022-04085-0
J,"Pancaldi, F; Becerril-García, EE; Higuera-Rivas, JE",Chafing behaviour from two carcharhinid shark species Carcharhinus falciformis and C. galapagensis on whale sharks Rhincodon typus,Silky shark; Whale shark,"19.01207, -112.06727",Mexico,Behavioral Ecology,Observational/descriptive,,REVISTA DE BIOLOGIA MARINA Y OCEANOGRAFIA,"This report provides observations regarding chafing interactions from two carcharhinid species, the silky shark, Carcharhinus falciformis and the Galapagos shark, C. galapagensis, on whale sharks, Rhincodon typus, in the Revillagigedo National Park, Mexico. Four events were observed between 2013 and 2019 by means of SCUBA diving and drone aerial surveys. These interactions appeared to be casual and triggered by the large dimensions and slow swimming speed of the whale sharks.",2022,10.22370/rbmo.2022.57.2.3531
J,"Wright, BM; Olsen, D; Gisborne, B; Schulze, AD; Wetklo, MH; Ellis, GM; Matkin, CO; Ford, JKB; Doniol-Valcroze, T",Dietary specialization on elasmobranchs and seasonal foraging patterns of offshore killer whales Orcinus orca in the northeastern Pacific,Broadnose sevengill shark; Blue shark; Shortfin mako shark,"36.939413, -122.038636; 34.052257, -120.380088",California,Behavioral Ecology,Observational/descriptive,,MARINE ECOLOGY PROGRESS SERIES,"Dietary specialization allows species with overlapping ranges and similar trophic levels to coexist by reducing competition. Offshore killer whales are sympatric with other populations of Orcinus orca in the northeastern Pacific, but their feeding preferences are poorly known. Using genetic, drone videography, photographic, and observational evidence collected during 84 predation events, we found that elasmobranchs comprised almost 90% of all prey sampled, revealing that the offshore killer whale ecotype has a specialized diet. Sharks are energetically profitable prey because they are predictably available, large-bodied, and have a large, lipid-rich liver. In addition to previously documented prey, we identified 4 new species: salmon shark, Pacific electric ray, albacore tuna, and broadnose sevengill shark. Targeted species differed depending on the time of year and region, matching the known seasonal availability and migratory behaviour of sharks. Pacific sleeper sharks (45.2% of identified prey) and salmon sharks (6.0%) were primarily taken in Alaska, USA, and northern British Columbia (BC), Canada, in spring and early summer, whereas blue sharks (17.9%) and Pacific spiny dogfish (16.7%) were typically caught in southerly locations along the continental shelf edge off BC in late summer and fall. Blue, broadnose sevengill, and shortfin mako sharks were hunted off California, USA, in winter. Teleosts comprised only 10.7% of predation events. We conclude that in addition to fish-eating and marine mammal-eating ecotypes, offshore killer whales represent another example of pronounced, likely culturally transmitted, dietary specialization among the killer whales of the northeastern Pacific.",2025,10.3354/meps14876
J,"Mccauley, DJ; Parsons, JK; Braman, CA; Anderson, JM; Caselle, JE; Critchley, EJ; Glina, A; Joyce, FH; Lowe, CG; Mladjov, S; Nathan, N; Rex, PT; Spurgeon, E; Stirling, BS; Young, HS",Temporal and oceanographic factors differentially affect two size classes of white shark at a Southern California aggregation site,White shark,"34.409434, -119.554448",California,Distribution/Abundance,Statistical modeling,,MARINE ECOLOGY PROGRESS SERIES,"Ontogenetic habitat shifts are a common feature of many marine species, including sharks, which face conservation threats when their distributions overlap with human resource extraction and habitat modification. White sharks Carcharodon carcharias, for example, exhibit a distinctly coastal phase as juveniles, with a limited distribution compared to the basin-scale range of adults. Using an unoccupied aerial vehicle (UAV), we studied a coastal aggregation site within a Southern California Bight nursery area to determine how fine-scale temporal and oceanographic factors affect white sharks at different developmental stages. White shark density, as measured via UAV, was highly variable across time of day and day of year, with modest variation across years. Typically, more sharks were observed in the late afternoon hours. Sharks, especially those <3 m total length, were observed more often during periods of colder seafloor temperatures, potentially reflecting avoidance of these colder, deeper waters by more cold-intolerant smaller white sharks. Alternate models incorporating sea surface temperature showed a very small but significant association between surface temperatures and <3 m total length white sharks for the months we surveyed, but no such association for larger sharks. There were no or only modest effects of visibility, swell height, chl a levels, sea state, and tidal height on UAV-observed shark density. Understanding how temporal patterns and oceanographic predictors of density change over time as well as how shark ontogeny interacts with these factors can help us to better understand how this species uses coastal habitats and predict when they may be more likely to share marine space with humans.",2024,10.3354/meps14680
J,"Rex, PT; May III, JHM; Pierce, EK; Lowe, CG",Patterns of overlapping habitat use of juvenile white shark and human recreational water users along southern California beaches,White shark,"33.712601, -118.444204",California,Distribution/Abundance,Statistical modeling,,PLOS ONE,"Juvenile white sharks (JWS) of the Northeastern Pacific population are present in nearshore southern California waters and form mixed size class (similar to 1.5-3 m) aggregations for weeks to months, often within 500 m of shore. These nearshore beach habitats are heavily used for human recreation (e.g., surfing, swimming, body boarding, wading, and standup paddleboarding) and the amount of spatio-temporal overlap between JWS and humans is currently unknown. Increases in human population and the Northeastern Pacific population of white sharks have raised concern over human beach safety. To determine spatio-temporal JWS-human overlap at various spatial scales (e.g., across the entire southern California coastline, across different distances from shore, and within specific beach locations), 26 beach locations across southern California were surveyed monthly resulting in 1644 aerial drone surveys between January 2019 to March 2021. Thirteen environmental variables were assessed to predict when spatio-temporal overlap between JWS and water users was highest. Coast-wide distribution of JWS was clumped, limiting human-shark co-occurrence to specific locations, with 1096 of 1204 JWS observations occurring at Carpinteria and Del Mar Beach locations. Nearshore distribution indicated JWS are often close enough to the wave break to interact with some water users (median = 101 m, range = 2-702 m), although JWS had the most spatial overlap with stand-up paddlers. Daily human-shark co-occurrence was 97% at beaches where JWS aggregations had formed, and human activity showed high spatial overlap at shark aggregation sites. Although there is higher seasonal human-shark spatio-temporal overlap where aggregations form in southern California, the number of unprovoked shark bites across southern California is extremely low. This study provides evidence that high human-shark spatio-temporal overlap does not lead to an increased bite frequency in southern California, and there are a number of possible explanations as to why JWS are not biting water users despite daily encounters.",2023,10.1371/journal.pone.0286575
J,"Merson, ZS; Jahn, EE; Barnes, MA; Spurgeon, EA; Rex, PT; Elstner, JT; Chacon, YNS; Anderson, JM; Jones, WD; Lowe, CG",eDNA metabarcoding detection of nearshore juvenile white sharks (Carcharodon carcharias) and prey fish communities,White shark,"32.902366, -117.268267; 34.406701, -119.551630",California,Distribution/Abundance; Individual Traits,Statistical modeling; Photogrammetry,,JOURNAL OF EXPERIMENTAL MARINE BIOLOGY AND ECOLOGY,"Traditional methods for assessing fish communities often face biased catchabilities, resulting in inconsistent detection of certain species. Pelagic elasmobranchs, such as white sharks (Carcharodon carcharias) are challenging to detect and quantify due to their low density, large size, and high mobility. Metabarcoding, an emerging approach, identifies species through genetic sequencing of environmental DNA (eDNA) samples, but requires further calibration due to its novelty. We assessed the efficacy of eDNA approaches to detect white sharks and associated fish prey communities. Juvenile white sharks (JWS) in the Southern California Bight form dense aggregations, offering a unique setting to compare methods. We collected eDNA from 491 seawater samples at three current and two former aggregation sites. Metabarcoding and white shark-specific qPCR were compared to aerial drone surveys and passive acoustic telemetry for JWS, and to beach seines and baited remote underwater videos for the broader fish community. Overall, metabarcoding captured the greatest species richness of the community methods. We found that metabarcoding detection probability of fish caught by beach seine was predicted by abundance, but not biomass; notably high-biomass catches were primarily elasmobranchs. Quantitative PCR was twice as effective as metabarcoding in detecting JWS presence, and raw acoustic detections best predicted metabarcoding results. Potential differences in eDNA shedding rate between teleosts and elasmobranchs may explain why JWS were less effectively detected by eDNA approaches, and why only seine count influenced detection probability. Species-specific primers may better capture low-density elasmobranchs. Despite limitations, metabarcoding represents an effective complementary tool to biomonitoring due to the additional diversity captured.",2025,10.1016/j.jembe.2025.152084
J,"Gayford, JH; Pearse, WD; Venegas, RD; Whitehead, DA",Quantifying the behavioural consequences of shark ecotourism,Whale shark,"24.329751, -110.483933",Mexico,Behavioral Ecology,Keypoint tracking; Statistical modeling; Computer vision,,SCIENTIFIC REPORTS,"Shark populations globally are facing catastrophic declines. Ecotourism has been posited as a potential solution to many of the issues facing shark conservation, yet increasingly studies suggest that such activity may negatively influence aspects of shark ecology and so further pressure declining populations. Here we combine UAV videography with deep learning algorithms, multivariate statistics and hidden Markov models (HMM) to quantitatively investigate the behavioural consequences of ecotourism in the whale shark (Rhincodon typus). We find that ecotourism increases the probability of sharks being in a disturbed behavioural state, likely increasing energetic expenditure and potentially leading to downstream ecological effects. These results are only recovered when fitting models that account for individual variation in behavioural responses and past behavioural history. Our results demonstrate that behavioural responses to ecotourism are context dependent, as the initial behavioural state is important in determining responses to human activity. We argue that models incorporating individuality and context-dependence should, wherever possible, be incorporated into future studies investigating the ecological impacts of shark ecotourism, which are only likely to increase in importance given the expansion of the industry and the dire conservation status of many shark species.",2023,10.1038/s41598-023-39560-1
J,"Gauna, C; Sternes, PC",Novel aerial observations of a possible newborn white shark (Carcharodon carcharias) in Southern California,White shark,"34.377206, -119.511534",California,Individual Traits,Observational/descriptive; Photogrammetry,,ENVIRONMENTAL BIOLOGY OF FISHES,"The white shark (Carcharodon carcharias) is the largest macropredatory fish in the world. Yet, there remains a paucity of data on the early life history and reproduction of this iconic shark. Here, we present aerial observations of an individual white shark that appears to be sloughing a white film from its body. We propose two possibilities for the possession of the white film: (1) this is a newly born white shark with intrauterine substances still adhered to its body, or (2) this white shark has an unknown skin disorder resulting in shedding, discharge, or possibly a microbial growth over the dermal layer. We discuss the possibility that this individual is a newborn and its implications for the Southern California region as a critical birthing location.",2024,10.1007/s10641-024-01512-7
J,"Tanaka, KR; Van Houtan, KS; Mailander, E; Dias, BS; Galginaitis, C; O'Sullivan, J; Lowe, CG; Jorgensen, SJ",North Pacific warming shifts the juvenile range of a marine apex predator,White shark,"36.970893, -121.934230",California,Distribution/Abundance; Individual Traits,Statistical modeling; Photogrammetry,,SCIENTIFIC REPORTS,"During the 2014-2016 North Pacific marine heatwave, unprecedented sightings of juvenile white sharks (Carcharodon carcharias) emerged in central California. These records contradicted the species established life history, where juveniles remain in warmer waters in the southern California Current. This spatial shift is significant as it creates potential conflicts with commercial fisheries, protected species conservation, and public safety concerns. Here, we integrate community science, photogrammetry, biologging, and mesoscale climate data to describe and explain this phenomenon. We find a dramatic increase in white sharks from 2014 to 2019 in Monterey Bay that was overwhelmingly comprised of juvenile sharks<2.5 m in total body length. Next, we derived thermal preferences from 22 million tag measurements of 14 juvenile sharks and use this to map the cold limit of their range. Consistent with historical records, the position of this cold edge averaged 34 N from 1982 to 2013 but jumped to 38.5 degrees during the 2014-2016 marine heat wave. In addition to a poleward shift, thermally suitable habitat for juvenile sharks declined 223.2 km(2) year(-1) from 1982 to 2019 and was lowest in 2015 at the peak of the heatwave. In addition to advancing the adaptive management of this apex marine predator, we discuss this opportunity to engage public on climate change through marine megafauna.",2021,10.1038/s41598-021-82424-9
J,"Anderson, JM; Burns, ES; Meese, EN; Farrugia, TJ; Stirling, BS; White, CF; Logan, RK; O'Sullivan, J; Winkler, C; Lowe, CG",Interannual Nearshore Habitat Use of Young of the Year White Sharks Off Southern California,White shark,"33.932024, -118.541734",California,Individual Traits,Photogrammetry,Photogrammetry (methods not described),FRONTIERS IN MARINE SCIENCE,"Young-of-the-year (YOY) and juvenile-stage white sharks may use southern California nearshore beach habitats more extensively than previously known, within meters of some of the most heavily used beaches in the world. Such knowledge forms a critical component of species management and conservation plans, in addition to public safety and risk mitigation planning. We used data derived from a combination of satellite tag locations (13 animals over 3 years) and passive acoustic monitoring (34 animals over 8 years) to examine the occurrence, relative abundance, and residency patterns of YOY white sharks in southern California waters. Our results suggest that southern California contains spatiotemporally dynamic centers of primary nursery habitat. Tagged YOY white sharks formed loose aggregations at hotspot locations that were interannually variable, where individuals exhibited temporal fidelity, higher levels of residency, and spatially restricted movements, with multiple YOY individuals simultaneously displaying this behavior. While models of biotic and abiotic variables suggested relative abundance of tagged sharks may be predicted by sea surface temperature, salinity and productivity (chlorophyll-A), these predictors were not consistent across all years of the study. Thus, novel approaches that incorporate technologies to derive high resolution environmental data, paired with more comprehensive telemetry datasets are therefore required to better understand the extrinsic factors that drive habitat selection and residency patterns in juvenile white sharks.",2021,10.3389/fmars.2021.645142
J,"Anderson, JM; Spurgeon, E; Stirling, BS; May, J; Rex, PT; Hyla, B; McCullough, S; Thompson, M; Lowe, CG",High resolution acoustic telemetry reveals swim speeds and inferred field metabolic rates in juvenile white sharks (Carcharodon carcharias),White shark,"34.410342, -119.621377",California,Movement Ecology,Tracking; Photogrammetry,Photogrammetry (methods not described),PLOS ONE,"White sharks (Carcharodon carcharias) are the largest shark species to display regional endothermy. This capability likely facilitates exploitation of resources beyond thermal tolerance thresholds of potential sympatric competitors as well as sustained elevated swim speeds, but results in increased metabolic costs of adults, which has been documented in different studies. Little, however, is known of the metabolic requirements in free-swimming juveniles of the species, due to their large size at birth and challenges in measuring their oxygen consumption rates in captivity. We used trilateration of positional data from high resolution acoustic-telemetry to derive swim speeds from speed-over-ground calculations for eighteen free-swimming individual juvenile white sharks, and subsequently estimate associated mass-specific oxygen consumption rates as a proxy for field routine metabolic rates. Resulting estimates of mass-specific field routine metabolic rates (368 mg O-2 kg(-1) h(-1) +/- 27 mg O-2 kg(-1) h(-1) [mean +/- S.D.]) are markedly lower than those reported in sub-adult and adult white sharks by previous studies. We argue that median cruising speeds while aggregating at nearshore nursery habitats (0.6 m s(-1) [mean +/- S.E = 0.59 +/- 0.001], 0.3 TL s(-1)) are likely a feature of behavioral strategies designed to optimize bioenergetic efficiency, by modulating activity rates in response to environmental temperature profiles to buffer heat loss and maintain homeostasis. Such behavioral strategies more closely resemble those exhibited in ectotherm sharks, than mature conspecifics.",2022,10.1371/journal.pone.0268914
J,"Gauna, C; Sternes, PC",Drone observations reveal white shark (Carcharodon carcharias) dorsal fins are highly flexible and possible investigatory structures,White shark,"34.391293, -119.782061",California,Behavioral Ecology,Observational/descriptive,,JOURNAL OF FISH BIOLOGY,Drones are becoming increasingly useful in their ability to observe wildlife. They have been especially useful in documenting marine animals such as sharks. Here we present novel aerial drone observations of a previously unknown dorsal-fin behaviour in white sharks (Carcharodon carcharias). We found that white sharks might investigate surface objects by rotating their first dorsal fin on its axis towards the object. Our videos suggest that the dorsal fin in white sharks may have additional capabilities beyond being a stabilizing appendage.,2025,10.1111/jfb.70210
J,"Gong, ABY; Nosal, AP; Cartamil, DP; Anderson, JM; Bellquist, LF; Ben-Aderet, NJ; Blincow, KM; Burns, ES; Caldow, C; Freedman, RM; Logan, RK; Lowe, CG; Semmens, BX; Stirling, BS; White, CF; Hastings, PA","Migration, aggregation, and philopatry of two nearshore elasmobranch species in the Southern California Bight",Guitarfish; Bat rays,"32.851018, -117.264800",California,Distribution/Abundance,Observational/descriptive,,MARINE ECOLOGY PROGRESS SERIES,"Over one-third of elasmobranch fishes (sharks, rays, and skates) are threatened with extinction, mostly due to overfishing, habitat loss, and habitat degradation. Understanding the daily and seasonal movement patterns of these species can inform when and where populations are most susceptible to these threats, but these data are often lacking for nearshore species that are not actively managed. Two such species are the shovelnose guitarfish Pseudobatos productus and California bat ray Myliobatis californica; this study quantified the broad- and fine-scale movement patterns of these species using passive acoustic telemetry. Twelve guitarfish (10 female, 2 male) were surgically implanted with coded acoustic transmitters at an aggregation site off La Jolla (San Diego County), California, USA, and tracked for 849.5 +/- 548.9 d (mean +/- SD). Six bat rays (all female) were also implanted with transmitters and tracked for 1143.8 +/- 830.9 d. These animals were detected at 187 acoustic receiver stations between Point Conception, California, and San Quintin, Baja California, Mexico. Both species exhibited annual philopatry to La Jolla, especially in July, after traveling as far north as Santa Barbara (221 km away; guitarfish) and San Miguel Island (259 km away; bat rays), California. Based on their movement patterns and known reproductive phenology, we hypothesize that both species utilize the La Jolla aggregation site as a gestating ground and possibly also a mating, pupping, and nursery ground. This site is within a no-take reserve, and we recommend that similar sites also be protected, given the increased susceptibility to anthropogenic stressors when aggregating.",2023,10.3354/meps14460
J,"Anderson, JM; Clevenstine, AJ; Stirling, BS; Burns, ES; Meese, EN; White, CF; Logan, RK; O'Sullivan, J; Rex, PT; May, J ; Lyons, K; Winkler, C; García-Rodríguez, E; Sosa-Nishizaki, O; Lowe, CG",Non-random Co-occurrence of Juvenile White Sharks (Carcharodon carcharias) at Seasonal Aggregation Sites in Southern California,White shark,"33.908394, -118.636776",California,Individual Traits,Photogrammetry,Photogrammetry (methods not described),FRONTIERS IN MARINE SCIENCE,"Many terrestrial and aquatic taxa are known to form periodic aggregations, whether across life history or solely during specific life stages, that are generally governed by the availability and distribution of resources. Associations between individuals during such aggregation events are considered random and not driven by social attraction or underlying community structure. White sharks (Carcharodon carcharias) have been described as a species that exhibits resource-driven aggregative behaviors across ontogenetic stages and juvenile white sharks are known to form aggregations at specific nursery sites where individuals may remain for extended periods of time in the presence of other individuals. We hypothesized juvenile white sharks form distinct communities during these critical early phases of ontogeny and discuss how a tendency to co-occur across life stages may be seeded by the formation of these communities in early ontogeny. We present results from a series of social network analyses of 86 juvenile white sharks derived from 6 years of passive acoustic telemetry data in southern California, demonstrating the likelihood of association of tagged juvenile white sharks is greater when sharks are of similar size-classes. Individuals in observed networks exhibited behaviors that best approximated fission-fusion dynamics with spatiotemporally unstable group membership. These results provide evidence of possible non-resource driven co-occurrence and community structure in juvenile white sharks during early life stages.",2021,10.3389/fmars.2021.688505
J,"Logan, RK; Anderson, JM; Burns, ES; Chacon, YS; Freedman, R; García-Rodríguez, E; Jahn, E; Lyons, K; Meese, EN; Merson, ZS; O'Sullivan, J; Rex, PT; Spurgeon, E; Stirling, BS; White, CF; Winkler, C; Jorgensen, S; Sosa-Nishizaki, O; Lowe, CG",Long-term tracking captures the timing of ontogenetic niche shifts in northeast Pacific white sharks,White shark,"33.908394, -118.636776",California,Individual Traits,Photogrammetry,Photogrammetry (methods not described),ECOSPHERE,"Ontogenetic changes in area use, habitat use, and trophic interactions play an important role in the ecology, demography, and ultimately population dynamics of many species. Assumed to be driven by shifting life-history requirements, trophic niche shifts in white sharks (Carcharodon carcharias) are well documented, but the timing of the spatial niche shift that is hypothesized to occur with the trophic niche shift remains poorly understood. To document how fine-scale area use varies as sharks age and the timing of the ontogenetic spatial shift of this top predator, we tracked individual white sharks tagged as young-of-the-year or young juveniles over multiple years. Using data from juvenile white sharks detected over multiple years in a nursery habitat with a high-density receiver array, we found no difference in area use with age. However, using a coast-wide receiver array including nursery and adult habitat, we found the probability of detecting a juvenile white shark in nursery habitat decreased with age, with a concurrent increasing probability of detection in adult habitat. As the conservation and management of this species relies on understanding nursery habitat use and age-related movements, data presented here address an important knowledge gap for the understudied juvenile to subadult life stages and the ontogenetic habitat shift of this species.",2024,10.1002/ecs2.70034
J,"Chacon, YNS; Whitcraft, CR; Anderson, JM; Spurgeon, E; Rex, P; Jahn, EE; Merson, ZS; Lowe, CG",Differences in juvenile white sharks' (Carcharodon carcharias) resource use in southern California waters,White shark,"34.387352, -119.632720",California,Individual Traits,Photogrammetry,Photogrammetry (methods not described),WILDLIFE RESEARCH,"Context. The white shark (Carcharodon carcharias) is a marine predator with a global distribution, ranging from neritic to oceanic waters. In the Southern California Bight (SCB), juvenile white sharks (JWS) form loose aggregations at nearshore habitats (<500 m from shoreline), but may also be encountered offshore (>5 km from shore) where they are vulnerable to interactions with recreational and commercial fisheries. Aim. This study aimed to identify dietary differences, habitat preferences, and potential behavioral ecotypes among JWS encountered nearshore versus offshore, contributing to an understanding of their habitat use and associated vulnerabilities. Methods. Tissue samples from sharks encountered nearshore and offshore (>5 km from shore) were taken for stable isotope analysis (SIA). Nearshore and offshore prey baselines were constructed using samples from potential prey species found at known nearshore JWS nursery habitats, and isotope values of offshore prey from the published literature. Sharks were also tagged with acoustic transmitters to track coastal movements Key results. Both C-13 and N-15 values were significantly different between sharks encountered at different habitat types (nearshore vs offshore). Bayesian mixing models showed high dietary contribution from nearshore-coastal prey in sharks sampled nearshore, whereas those caught offshore exhibited higher contributions from pelagic-offshore food sources. A coastal residency index calculated for both shark groups during sampling years (2020-2022) showed that sharks caught offshore are detected less frequently in nearshore waters than are those tagged nearshore. Conclusion. Juvenile white sharks in the SCB appear to form two distinct ecotypes. Implications. These two groups of JWS may be exposed to different fisheries exposure depending on habitat use. A better understanding on JWS habitat and resource usage may help improve fisheries managements.",2025,10.1071/WR24183
J,"Spurgeon, E; Thompson, ML; Alexander, MD; Anderson, JM; Rex, PT; Stirling, B; Abbott, K; Lowe, CG",The influence of micro-scale thermal habitat on the movements of juvenile white sharks in their Southern California aggregation sites,White shark,"34.407466, -119.554223",California,Individual Traits,Photogrammetry,Photogrammetry (methods not described),FRONTIERS IN MARINE SCIENCE,"While juvenile white sharks (JWS) can display regional endothermy, the need to maintain internal temperatures within an energetically favorable range likely drives thermoregulatory movements to maximize growth and foraging efficiency. Many JWS from the northeastern Pacific population aggregate seasonally in nearshore nursery habitats throughout the Southern California Bight and historic data show that inter-seasonal movement patterns may be heavily dependent on ambient water temperature. However, the degree to which micro-scale (e.g., similar to 10 m(2)) water temperature heterogeneity influences JWS three-dimensional movement within nearshore aggregation sites is unknown. High-resolution temperature and passive acoustic-telemetry geo-positional data were used to quantify how temperature and vertical thermal stratification influenced JWS movement using several modeling approaches. JWS selected for water temperatures between 16 - 22 degrees C and depths shallower than 2 m. Sharks occupied deeper waters during dawn and dusk periods, and their distance from the seafloor and spatial orientation of their depth distribution was significantly related to the thermal structure of the water column across the monitored area. Tagged sharks remained above a 16 degrees C thermal threshold and altered their horizontal and vertical distributions accordingly. While high-resolution movement and environmental data provide improved predictability of micro-scale habitat use and distribution, other variables such as prey distribution, behavior, and competition would further improve habitat use models for this highly mobile species.",2024,10.3389/fmars.2024.1290769
J,"Spurgeon, E; Anderson, JM; Liu, Y; Barajas, VL; Lowe, CG",Quantifying thermal cues that initiate mass emigrations in juvenile white sharks,White shark,"34.407466, -119.554223",California,Individual Traits,Photogrammetry,Photogrammetry (methods not described),SCIENTIFIC REPORTS,"While the function of migration varies among species, environmental temperature is known to be one of the most important abiotic variables that drive animal migration; however, quantifying the thresholds and timing of the cues that influence a mass emigration is difficult, often due to lack of monitoring resolution, particularly for large, highly mobile species. We used acoustic telemetry tracking and high-resolution water temperature data over a relatively large spatial scale (5.5 km(2)) to identify and quantify a thermal threshold for mass emigration of juvenile white sharks. Sixteen tagged sharks were observed to initiate a search for warmer water within 10-12 hours of an upwelling event where water temperatures dropped below 14 degrees C. Eleven sharks traveled similar to 35 km away where they experienced similar cold temperatures before returning to the aggregation site within 24 hours. Five days following the upwelling event, most sharks emigrated from the site for the season. Quantifying movement patterns across different spatial and temporal scales is necessary to understand cues and thresholds influencing animal migration, which may be greatly affected by climate anomalies and climate change, resulting in potential impacts on the dynamics of local prey species, management, and conservation policy and practice.",2022,10.1038/s41598-022-24377-1
J,"Anderson, JM; Rex, PT; Spurgeon, E; Stirling, B; Lowe, CG",Near but not neighbours: juvenile white sharks move together but stay apart,White shark,"34.407466, -119.554223",California,Individual Traits,Photogrammetry,Photogrammetry (methods not described),WILDLIFE RESEARCH,"Context White sharks (Carcharodon carcharias) have traditionally been viewed as solitary apex predators. However, recent research suggests that they exhibit more nuanced social behaviors, including non-random co-occurrence (spatial associations) and potential social structuring, across ontogenetic stages.Aim This study aimed to investigate the movement behaviors and spatial dynamics of juvenile white sharks (JWS) at an aggregation hotspot in Southern California, to examine whether their co-occurrence is socially or environmentally driven.Methods Using high-resolution acoustic telemetry data from 20 tagged juvenile white sharks, we analyzed their movements to assess home-range overlap, proximity, encounter rates, and movement correlation patterns. Correlated movement was evaluated using drift and diffusive correlation metrics. Additionally, generalized linear mixed models were applied to identify environmental variables influencing correlated movement.Key results Juvenile white sharks exhibited extensive home-range overlap, frequently (simultaneously) occupying the monitored habitat, and generally maintained closer proximities to each other than would be expected from random movement. However, despite this shared space use, direct shark-shark encounters were infrequent. Drift correlation was detected among all individual pairs, whereas only 66% of pairs showed diffusive (turning/following component) correlation, indicating limited direct following behavior. Factors such as separation distance, diel period, lunar phase, tide height, and chlorophyll-a concentrations significantly influenced movement correlation.Conclusion Juvenile white sharks at aggregation sites demonstrate non-independent movement patterns, but these behaviors are predominantly shaped by environmental conditions rather a need for direct social interactions. This suggests that aggregations may arise from a collective response to favorable environmental features rather than from social cohesion, highlighting the importance of habitat characteristics in driving the spatial ecology of this species.Implications From a management perspective, our results suggest white shark occurrence and short term clustering within nursery habitat may be more reliably predicted from abiotic contexts than from social attraction. Thus, management decisions regarding monitoring design, adaptive beach safety considerations and information communication may be best informed through habitat and habitat-condition based modeling andforecasting of residency and movement likelihoods, especially during periods where combinations of biotic and abiotic cues are associated with stronger shared directional movement.",2026,10.1071/WR25070
,"Du Preez, C; Gartner, HN; Hawilh-Wayanis; Clark, L; Du Preez, S; Norgard T",Salmon Shark (Lamna ditropis) scratching behaviour using floating anthropogenic debris,Salmon shark,"51.077571, -130.858117",Canada,Behavioral Ecology,Observational/descriptive,,CANADIAN FIELD NATURALIST,"Observations of animal behaviour in the open ocean are relatively rare. However, while conducting surveys in the Northeast Pacific in the summers of 2019 and 2021, we encountered two Salmon Shark (Lamna ditropis) using floating anthropogenic debris to scratch their bodies. We captured the activity with aerial (drone) and underwater cameras. We document and describe this novel behaviour as high energy, high impact, repetitive, fast, and long lasting (e.g., every ~15 s for >20 minutes). We explore these observations in light of traditional ecological knowledge and scientific literature.",2022,10.22621/cfn.v136i3.2949